bio,,,
I ask because I want to turn you over in the question,,,
,,,
url,title,domain,thumbnail
https://www.papermag.com/palmistry-tinkerbell-interview,Palmistry Tinkerbell Interview,papermag.com,
https://www.papermag.com/bktherula-lvl5,BKTHERULA Lvl5,papermag.com,
https://www.papermag.com/joanne-robertson-blue-car,Joanne Robertson Blue Car,papermag.com,
https://thecreativeindependent.com/people/painter-and-musician-joanne-robertson-on-why-its-never-just-you-creating-alone/,Joanne Robertson on Creating Alone,thecreativeindependent.com,
https://www.ninaprotocol.com/articles/the-triumph-of-julias-war-recordings-the-indie-rock-antilabel-embracing-cassette-tapes-and-90s-rave-sounds,Julia's War Recordings: The Indie Rock Antilabel,ninaprotocol.com,
https://officemagazine.net/building-intensity-ouri,Building Intensity: Ouri,officemagazine.net,
https://www.altpress.com/sean-kennedy-olth-interview/,Sean Kennedy Olth Interview,altpress.com,
https://www.are.na/editorial/the-future-will-be-like-perfume,The Future Will Be Like Perfume,are.na,